trial,testing,parameters,initial_deadline,final_deadline,net_reward,actions,success
1,False,"{'a': 0.8, 'e': 0.95}",25,6,-38.63163504348244,"{0: 14, 1: 1, 2: 3, 3: 1, 4: 0}",1
2,False,"{'a': 0.8, 'e': 0.8999999999999999}",20,0,-116.35552903941102,"{0: 13, 1: 1, 2: 2, 3: 3, 4: 1}",0
3,False,"{'a': 0.8, 'e': 0.8499999999999999}",20,0,-221.92921364803874,"{0: 12, 1: 1, 2: 1, 3: 1, 4: 5}",0
4,False,"{'a': 0.8, 'e': 0.7999999999999998}",20,0,-118.74431578416721,"{0: 12, 1: 4, 2: 1, 3: 1, 4: 2}",0
5,False,"{'a': 0.8, 'e': 0.7499999999999998}",25,0,-117.88361082675947,"{0: 20, 1: 0, 2: 2, 3: 0, 4: 3}",0
6,False,"{'a': 0.8, 'e': 0.6999999999999997}",20,0,-40.134221104862135,"{0: 16, 1: 0, 2: 2, 3: 2, 4: 0}",0
7,False,"{'a': 0.8, 'e': 0.6499999999999997}",25,0,-51.42538480454587,"{0: 21, 1: 1, 2: 1, 3: 1, 4: 1}",0
8,False,"{'a': 0.8, 'e': 0.5999999999999996}",20,0,-72.91828501595971,"{0: 16, 1: 1, 2: 1, 3: 0, 4: 2}",0
